{
    "name": "root",
    "gauges": {
        "MoveToGoal.Policy.Entropy.mean": {
            "value": 1.394594669342041,
            "min": 1.3793790340423584,
            "max": 1.4188240766525269,
            "count": 10
        },
        "MoveToGoal.Environment.EpisodeLength.mean": {
            "value": 15.037914691943127,
            "min": 7.185550082101806,
            "max": 40.964,
            "count": 10
        },
        "MoveToGoal.Policy.ExtrinsicValueEstimate.mean": {
            "value": 0.7730475068092346,
            "min": 0.6797558069229126,
            "max": 0.9630621671676636,
            "count": 10
        },
        "MoveToGoal.Environment.CumulativeReward.mean": {
            "value": 0.8977987421383647,
            "min": 0.8512931034482759,
            "max": 0.9983552631578947,
            "count": 10
        },
        "MoveToGoal.Policy.ExtrinsicReward.mean": {
            "value": 0.8977987421383647,
            "min": 0.8512931034482759,
            "max": 0.9983552631578947,
            "count": 10
        },
        "MoveToGoal.Losses.PolicyLoss.mean": {
            "value": 0.2390744703241728,
            "min": 0.2390744703241728,
            "max": 0.25140638491894696,
            "count": 10
        },
        "MoveToGoal.Losses.ValueLoss.mean": {
            "value": 0.02280745013706949,
            "min": 0.005168634286129159,
            "max": 0.08073875433009575,
            "count": 10
        },
        "MoveToGoal.Policy.LearningRate.mean": {
            "value": 0.00024289820760536575,
            "min": 0.00024289820760536575,
            "max": 0.00029693385102204996,
            "count": 10
        },
        "MoveToGoal.Policy.Epsilon.mean": {
            "value": 0.18096606285714287,
            "min": 0.18096606285714287,
            "max": 0.19897795000000001,
            "count": 10
        },
        "MoveToGoal.Policy.Beta.mean": {
            "value": 0.000406733708,
            "min": 0.000406733708,
            "max": 0.0004949919549999999,
            "count": 10
        },
        "MoveToGoal.IsTraining.mean": {
            "value": 1.0,
            "min": 1.0,
            "max": 1.0,
            "count": 10
        }
    },
    "metadata": {
        "timer_format_version": "0.1.0",
        "start_time_seconds": "1610308628",
        "python_version": "3.7.9 (default, Aug 31 2020, 17:10:11) [MSC v.1916 64 bit (AMD64)]",
        "command_line_arguments": "C:\\Users\\Kristian\\.conda\\envs\\ml\\Scripts\\mlagents-learn .\\config\\MoveToGoal.yaml --initialize-from=MoveToGoal --run-id=MoveToGoal2 --force",
        "mlagents_version": "0.23.0",
        "mlagents_envs_version": "0.23.0",
        "communication_protocol_version": "1.3.0",
        "pytorch_version": "1.7.1",
        "numpy_version": "1.18.5",
        "end_time_seconds": "1610308981"
    },
    "total": 352.781431,
    "count": 1,
    "self": 0.0047609000000079504,
    "children": {
        "run_training.setup": {
            "total": 0.02933450000000004,
            "count": 1,
            "self": 0.02933450000000004
        },
        "TrainerController.start_learning": {
            "total": 352.7473356,
            "count": 1,
            "self": 1.3088438000002611,
            "children": {
                "TrainerController._reset_env": {
                    "total": 9.5344554,
                    "count": 1,
                    "self": 9.5344554
                },
                "TrainerController.advance": {
                    "total": 341.76804699999974,
                    "count": 10762,
                    "self": 0.16086489999986497,
                    "children": {
                        "env_step": {
                            "total": 341.6071820999999,
                            "count": 10762,
                            "self": 321.4407697000001,
                            "children": {
                                "SubprocessEnvManager._take_step": {
                                    "total": 20.00409330000108,
                                    "count": 10762,
                                    "self": 0.5254966000002383,
                                    "children": {
                                        "TorchPolicy.evaluate": {
                                            "total": 19.478596700000843,
                                            "count": 6341,
                                            "self": 5.637132100002615,
                                            "children": {
                                                "TorchPolicy.sample_actions": {
                                                    "total": 13.841464599998227,
                                                    "count": 6341,
                                                    "self": 13.841464599998227
                                                }
                                            }
                                        }
                                    }
                                },
                                "workers": {
                                    "total": 0.1623190999987223,
                                    "count": 10761,
                                    "self": 0.0,
                                    "children": {
                                        "worker_root": {
                                            "total": 344.35607360000165,
                                            "count": 10761,
                                            "is_parallel": true,
                                            "self": 279.9012086999991,
                                            "children": {
                                                "steps_from_proto": {
                                                    "total": 0.0006099999999999994,
                                                    "count": 1,
                                                    "is_parallel": true,
                                                    "self": 0.0001116999999997148,
                                                    "children": {
                                                        "_process_vector_observation": {
                                                            "total": 0.0004983000000002846,
                                                            "count": 2,
                                                            "is_parallel": true,
                                                            "self": 0.0004983000000002846
                                                        }
                                                    }
                                                },
                                                "UnityEnvironment.step": {
                                                    "total": 64.45425490000257,
                                                    "count": 10761,
                                                    "is_parallel": true,
                                                    "self": 1.338793799998129,
                                                    "children": {
                                                        "UnityEnvironment._generate_step_input": {
                                                            "total": 1.6378745000021642,
                                                            "count": 10761,
                                                            "is_parallel": true,
                                                            "self": 1.6378745000021642
                                                        },
                                                        "communicator.exchange": {
                                                            "total": 58.84423320000156,
                                                            "count": 10761,
                                                            "is_parallel": true,