{
    "name": "root",
    "metadata": {
        "timer_format_version": "0.1.0",
        "start_time_seconds": "1610660178",
        "python_version": "3.7.9 (default, Aug 31 2020, 17:10:11) [MSC v.1916 64 bit (AMD64)]",
        "command_line_arguments": "C:\\Users\\Kristian\\.conda\\envs\\ml\\Scripts\\mlagents-learn --run-id scaled --force",
        "mlagents_version": "0.23.0",
        "mlagents_envs_version": "0.23.0",
        "communication_protocol_version": "1.3.0",
        "pytorch_version": "1.7.1",
        "numpy_version": "1.18.5",
        "end_time_seconds": "1610660347"
    },
    "total": 168.6249257,
    "count": 1,
    "self": 0.004682500000001255,
    "children": {
        "run_training.setup": {
            "total": 0.006766300000000003,
            "count": 1,
            "self": 0.006766300000000003
        },
        "TrainerController.start_learning": {
            "total": 168.6134769,
            "count": 1,
            "self": 0.4032087999997316,
            "children": {
                "TrainerController._reset_env": {
                    "total": 20.287725899999998,
                    "count": 1,
                    "self": 20.287725899999998
                },
                "TrainerController.advance": {
                    "total": 147.81348150000025,
                    "count": 13788,
                    "self": 0.19662740000111967,
                    "children": {
                        "env_step": {
                            "total": 147.61685409999913,
                            "count": 13788,
                            "self": 106.1626068999976,
                            "children": {
                                "SubprocessEnvManager._take_step": {
                                    "total": 41.26361470000127,
                                    "count": 13788,
                                    "self": 0.8303915000023494,
                                    "children": {
                                        "TorchPolicy.evaluate": {
                                            "total": 40.43322319999892,
                                            "count": 13664,
                                            "self": 14.667761200000498,
                                            "children": {
                                                "TorchPolicy.sample_actions": {
                                                    "total": 25.765461999998422,
                                                    "count": 13664,
                                                    "self": 25.765461999998422
                                                }
                                            }
                                        }
                                    }
                                },
                                "workers": {
                                    "total": 0.1906325000002589,
                                    "count": 13787,
                                    "self": 0.0,
                                    "children": {
                                        "worker_root": {
                                            "total": 140.46435499999964,
                                            "count": 13787,
                                            "is_parallel": true,
                                            "self": 57.22989620000021,
                                            "children": {
                                                "steps_from_proto": {
                                                    "total": 0.0004899999999992133,
                                                    "count": 1,
                                                    "is_parallel": true,
                                                    "self": 0.00017479999999636675,
                                                    "children": {
                                                        "_process_vector_observation": {
                                                            "total": 0.00031520000000284654,
                                                            "count": 2,
                                                            "is_parallel": true,
                                                            "self": 0.00031520000000284654
                                                        }
                                                    }
                                                },
                                                "UnityEnvironment.step": {
                                                    "total": 83.23396879999943,
                                                    "count": 13787,
                                                    "is_parallel": true,
                                                    "self": 1.3871324999976196,
                                                    "children": {
                                                        "UnityEnvironment._generate_step_input": {
                                                            "total": 1.1504791000002292,
                                                            "count": 13787,
                                                            "is_parallel": true,
                                                            "self": 1.1504791000002292
                                                        },
                                                        "communicator.exchange": {
                                                            "total": 76.94573460000102,
                                                            "count": 13787,
                                                            "is_parallel": true,
                                                            "self": 76.94573460000102
                                                        },
                                                        "steps_from_proto": {
                                                            "total": 3.7506226000005682,
                                                            "count": 13785,
                                                            "is_parallel": true,
                                                            "self": 2.111874699998655,
                                                            "children": {
                                                                "_process_vector_observation": {
                                                                    "total": 1.6387479000019134,
                                                                    "count": 27570,
                                                                    "is_parallel": true,
                                                                    "self": 1.6387479000019134
                                                                }
                                                            }
                                                        }
                                                    }
                                                }
                                            }
                                        }
                                    }
                                }
                            }
                        }
                    }
                },
                "trainer_threads": {
                    "total": 3.3800000011297016e-05,
                    "count": 1,
                    "self": 3.3800000011297016e-05,
                    "children": {
                        "thread_root": {
                            "total": 0.0,
                            "count": 0,
                            "is_parallel": true,
                            "self": 0.0,
                            "children": {
                                "trainer_advance": {
                                    "total": 147.9801221000004,