{
    "name": "root",
    "gauges": {
        "MoveToGoal.Policy.Entropy.mean": {
            "value": 1.4215106964111328,
            "min": 1.4183651208877563,
            "max": 1.4257893562316895,
            "count": 5
        },
        "MoveToGoal.Environment.EpisodeLength.mean": {
            "value": 58.33714285714286,
            "min": 58.33714285714286,
            "max": 137.54166666666666,
            "count": 5
        },
        "MoveToGoal.Policy.ExtrinsicValueEstimate.mean": {
            "value": 0.625464141368866,
            "min": 0.008598024025559425,
            "max": 0.625464141368866,
            "count": 5
        },
        "MoveToGoal.Environment.CumulativeReward.mean": {
            "value": 0.8263473053892215,
            "min": -0.38636363636363635,
            "max": 0.8263473053892215,
            "count": 5
        },
        "MoveToGoal.Policy.ExtrinsicReward.mean": {
            "value": 0.8263473053892215,
            "min": -0.38636363636363635,
            "max": 0.8263473053892215,
            "count": 5
        },
        "MoveToGoal.Losses.PolicyLoss.mean": {
            "value": 0.2470752611984942,
            "min": 0.24300626442776338,
            "max": 0.2556684438116847,
            "count": 5
        },
        "MoveToGoal.Losses.ValueLoss.mean": {
            "value": 0.057657202179941,
            "min": 0.04729345054403809,
            "max": 0.2201933022663435,
            "count": 5
        },
        "MoveToGoal.Policy.LearningRate.mean": {
            "value": 0.00027279536291436923,
            "min": 0.00027279536291436923,
            "max": 0.00029704230098589996,
            "count": 5
        },
        "MoveToGoal.Policy.Epsilon.mean": {
            "value": 0.19093178461538463,
            "min": 0.19093178461538463,
            "max": 0.19901410000000003,
            "count": 5
        },
        "MoveToGoal.Policy.Beta.mean": {
            "value": 0.00045556574461538466,
            "min": 0.00045556574461538466,
            "max": 0.00049516909,
            "count": 5
        },
        "MoveToGoal.IsTraining.mean": {
            "value": 1.0,
            "min": 1.0,
            "max": 1.0,
            "count": 5
        }
    },
    "metadata": {
        "timer_format_version": "0.1.0",
        "start_time_seconds": "1610209148",
        "python_version": "3.7.9 (default, Aug 31 2020, 17:10:11) [MSC v.1916 64 bit (AMD64)]",
        "command_line_arguments": "C:\\Users\\Kristian\\.conda\\envs\\ml\\Scripts\\mlagents-learn .\\config\\MoveToGoal.yaml --run-id=MoveToGoal --force",
        "mlagents_version": "0.23.0",
        "mlagents_envs_version": "0.23.0",
        "communication_protocol_version": "1.3.0",
        "pytorch_version": "1.7.1+cpu",
        "numpy_version": "1.19.5",
        "end_time_seconds": "1610209290"
    },
    "total": 141.87189890000002,
    "count": 1,
    "self": 0.00789810000000557,
    "children": {
        "run_training.setup": {
            "total": 0.007146000000000097,
            "count": 1,
            "self": 0.007146000000000097
        },
        "TrainerController.start_learning": {
            "total": 141.8568548,
            "count": 1,
            "self": 1.1874185999995177,
            "children": {
                "TrainerController._reset_env": {
                    "total": 18.414516,
                    "count": 1,
                    "self": 18.414516
                },
                "TrainerController.advance": {
                    "total": 122.01176470000047,
                    "count": 3647,
                    "self": 0.09807240000068873,
                    "children": {
                        "env_step": {
                            "total": 121.91369229999978,
                            "count": 3647,
                            "self": 113.57251299999933,
                            "children": {
                                "SubprocessEnvManager._take_step": {
                                    "total": 8.247075699999751,
                                    "count": 3647,
                                    "self": 0.40655200000031755,
                                    "children": {
                                        "TorchPolicy.evaluate": {
                                            "total": 7.840523699999434,
                                            "count": 3231,
                                            "self": 1.649182699999237,
                                            "children": {
                                                "TorchPolicy.sample_actions": {
                                                    "total": 6.191341000000197,
                                                    "count": 3231,
                                                    "self": 6.191341000000197
                                                }
                                            }
                                        }
                                    }
                                },
                                "workers": {
                                    "total": 0.09410360000070384,
                                    "count": 3646,
                                    "self": 0.0,
                                    "children": {
                                        "worker_root": {
                                            "total": 121.98589769999998,
                                            "count": 3646,
                                            "is_parallel": true,
                                            "self": 80.74092789999968,
                                            "children": {
                                                "steps_from_proto": {
                                                    "total": 0.0003790999999999656,
                                                    "count": 1,
                                                    "is_parallel": true,
                                                    "self": 9.279999999733946e-05,
                                                    "children": {
                                                        "_process_vector_observation": {
                                                            "total": 0.0002863000000026261,
                                                            "count": 2,
                                                            "is_parallel": true,
                                                            "self": 0.0002863000000026261
                                                        }
                                                    }
                                                },
                                                "UnityEnvironment.step": {
                                                    "total": 41.24459070000031,
                                                    "count": 3646,
                                                    "is_parallel": true,
                                                    "self": 0.7185370000005449,
                                                    "children": {
                                                        "UnityEnvironment._generate_step_input": {
                                                            "total": 1.5114180000003614,
                                                            "count": 3646,
                                                            "is_parallel": true,
                                                            "self": 1.5114180000003614
                                                        },
                                                        "communicator.exchange": {
                                                            "total": 37.11382439999902,
                                                            "count": 3646,
                                                            "is_parallel": true,