{
    "name": "root",
    "gauges": {
        "CarAgent.Policy.Entropy.mean": {
            "value": 2.104475736618042,
            "min": 2.104475736618042,
            "max": 2.104475736618042,
            "count": 1
        },
        "CarAgent.Environment.EpisodeLength.mean": {
            "value": 36.93313521545319,
            "min": 36.93313521545319,
            "max": 36.93313521545319,
            "count": 1
        },
        "CarAgent.Policy.ExtrinsicValueEstimate.mean": {
            "value": 4.306743144989014,
            "min": 4.306743144989014,
            "max": 4.306743144989014,
            "count": 1
        },
        "CarAgent.Environment.CumulativeReward.mean": {
            "value": 4.964285714285714,
            "min": 4.964285714285714,
            "max": 4.964285714285714,
            "count": 1
        },
        "CarAgent.Policy.ExtrinsicReward.mean": {
            "value": 4.964285714285714,
            "min": 4.964285714285714,
            "max": 4.964285714285714,
            "count": 1
        },
        "CarAgent.Losses.PolicyLoss.mean": {
            "value": 0.024195383549704276,
            "min": 0.024195383549704276,
            "max": 0.024195383549704276,
            "count": 1
        },
        "CarAgent.Losses.ValueLoss.mean": {
            "value": 0.739568904042244,
            "min": 0.739568904042244,
            "max": 0.739568904042244,
            "count": 1
        },
        "CarAgent.Policy.LearningRate.mean": {
            "value": 0.00018606573797810003,
            "min": 0.00018606573797810003,
            "max": 0.00018606573797810003,
            "count": 1
        },
        "CarAgent.Policy.Epsilon.mean": {
            "value": 0.16202190000000002,
            "min": 0.16202190000000002,
            "max": 0.16202190000000002,
            "count": 1
        },
        "CarAgent.Policy.Beta.mean": {
            "value": 0.003104892809999999,
            "min": 0.003104892809999999,
            "max": 0.003104892809999999,
            "count": 1
        },
        "CarAgent.IsTraining.mean": {
            "value": 1.0,
            "min": 1.0,
            "max": 1.0,
            "count": 1
        }
    },
    "metadata": {
        "timer_format_version": "0.1.0",
        "start_time_seconds": "1610711575",
        "python_version": "3.7.9 (default, Aug 31 2020, 17:10:11) [MSC v.1916 64 bit (AMD64)]",
        "command_line_arguments": "C:\\Users\\krist\\.conda\\envs\\mlady\\Scripts\\mlagents-learn --resume",
        "mlagents_version": "0.23.0",
        "mlagents_envs_version": "0.23.0",
        "communication_protocol_version": "1.3.0",
        "pytorch_version": "1.7.1+cpu",
        "numpy_version": "1.18.5",
        "end_time_seconds": "1610711667"
    },
    "total": 92.4208555,
    "count": 1,
    "self": 0.0041954999999944675,
    "children": {
        "run_training.setup": {
            "total": 0.012674499999999922,
            "count": 1,
            "self": 0.012674499999999922
        },
        "TrainerController.start_learning": {
            "total": 92.4039855,
            "count": 1,
            "self": 0.9011006000001629,
            "children": {
                "TrainerController._reset_env": {
                    "total": 5.6371588,
                    "count": 1,
                    "self": 5.6371588
                },
                "TrainerController.advance": {
                    "total": 85.76448549999986,
                    "count": 3950,
                    "self": 0.06623129999951516,
                    "children": {
                        "env_step": {
                            "total": 85.69825420000035,
                            "count": 3950,
                            "self": 76.93707020000062,
                            "children": {
                                "SubprocessEnvManager._take_step": {
                                    "total": 8.69746139999988,
                                    "count": 3950,
                                    "self": 0.22245860000029083,
                                    "children": {
                                        "TorchPolicy.evaluate": {
                                            "total": 8.47500279999959,
                                            "count": 2891,
                                            "self": 1.6320957000000575,
                                            "children": {
                                                "TorchPolicy.sample_actions": {
                                                    "total": 6.8429070999995325,
                                                    "count": 2891,
                                                    "self": 6.8429070999995325
                                                }
                                            }
                                        }
                                    }
                                },
                                "workers": {
                                    "total": 0.06372259999985364,
                                    "count": 3949,
                                    "self": 0.0,
                                    "children": {
                                        "worker_root": {
                                            "total": 85.44590070000005,
                                            "count": 3949,
                                            "is_parallel": true,
                                            "self": 16.492933500000134,
                                            "children": {
                                                "steps_from_proto": {
                                                    "total": 0.00042049999999971277,
                                                    "count": 1,
                                                    "is_parallel": true,
                                                    "self": 0.00017939999999949663,
                                                    "children": {
                                                        "_process_vector_observation": {
                                                            "total": 0.00024110000000021614,
                                                            "count": 2,
                                                            "is_parallel": true,
                                                            "self": 0.00024110000000021614
                                                        }
                                                    }
                                                },
                                                "UnityEnvironment.step": {
                                                    "total": 68.95254669999991,
                                                    "count": 3949,
                                                    "is_parallel": true,
                                                    "self": 0.5447555999991209,
                                                    "children": {
                                                        "UnityEnvironment._generate_step_input": {
                                                            "total": 1.1295426000001871,
                                                            "count": 3949,
                                                            "is_parallel": true,
                                                            "self": 1.1295426000001871
                                                        },
                                                        "communicator.exchange": {
                                                            "total": 65.8510656000004,
                                                            "count": 3949,
                                                            "is_parallel": true,