{
    "name": "root",
    "metadata": {
        "timer_format_version": "0.1.0",
        "start_time_seconds": "1610657051",
        "python_version": "3.7.9 (default, Aug 31 2020, 17:10:11) [MSC v.1916 64 bit (AMD64)]",
        "command_line_arguments": "C:\\Users\\Kristian\\.conda\\envs\\ml\\Scripts\\mlagents-learn --resume",
        "mlagents_version": "0.23.0",
        "mlagents_envs_version": "0.23.0",
        "communication_protocol_version": "1.3.0",
        "pytorch_version": "1.7.1",
        "numpy_version": "1.18.5",
        "end_time_seconds": "1610657066"
    },
    "total": 15.237099399999998,
    "count": 1,
    "self": 0.00513899999999623,
    "children": {
        "run_training.setup": {
            "total": 0.017156799999999972,
            "count": 1,
            "self": 0.017156799999999972
        },
        "TrainerController.start_learning": {
            "total": 15.214803600000002,
            "count": 1,
            "self": 0.007044000000000494,
            "children": {
                "TrainerController._reset_env": {
                    "total": 14.5238962,
                    "count": 1,
                    "self": 14.5238962
                },
                "trainer_threads": {
                    "total": 1.9399999999336615e-05,
                    "count": 1,
                    "self": 1.9399999999336615e-05,
                    "children": {
                        "thread_root": {
                            "total": 0.0,
                            "count": 0,
                            "is_parallel": true,
                            "self": 0.0,
                            "children": {
                                "trainer_advance": {
                                    "total": 0.006929900000001155,
                                    "count": 1,
                                    "is_parallel": true,
                                    "self": 4.070000000133689e-05,
                                    "children": {
                                        "process_trajectory": {
                                            "total": 0.006889199999999818,
                                            "count": 1,
                                            "is_parallel": true,
                                            "self": 0.006889199999999818
                                        }
                                    }
                                }
                            }
                        }
                    }
                },
                "TrainerController._save_models": {
                    "total": 0.6838440000000023,
                    "count": 1,
                    "self": 0.009536600000002338,
                    "children": {
                        "RLTrainer._checkpoint": {
                            "total": 0.6743074,
                            "count": 1,
                            "self": 0.6743074
                        }
                    }
                }
            }
        }
    }
}