{
    "name": "root",
    "metadata": {
        "timer_format_version": "0.1.0",
        "start_time_seconds": "1610896671",
        "python_version": "3.7.9 (default, Aug 31 2020, 17:10:11) [MSC v.1916 64 bit (AMD64)]",
        "command_line_arguments": "C:\\Users\\krist\\.conda\\envs\\mlady\\Scripts\\mlagents-learn .\\config\\ml-ady.yaml --force",
        "mlagents_version": "0.23.0",
        "mlagents_envs_version": "0.23.0",
        "communication_protocol_version": "1.3.0",
        "pytorch_version": "1.7.1+cpu",
        "numpy_version": "1.18.5",
        "end_time_seconds": "1610896724"
    },
    "total": 52.9234119,
    "count": 1,
    "self": 0.006469799999997861,
    "children": {
        "run_training.setup": {
            "total": 0.007857300000000067,
            "count": 1,
            "self": 0.007857300000000067
        },
        "TrainerController.start_learning": {
            "total": 52.9090848,
            "count": 1,
            "self": 0.08004469999992381,
            "children": {
                "TrainerController._reset_env": {
                    "total": 7.6666512,
                    "count": 1,
                    "self": 7.6666512
                },
                "TrainerController.advance": {
                    "total": 44.985446200000084,
                    "count": 2288,
                    "self": 0.04316550000014985,
                    "children": {
                        "env_step": {
                            "total": 44.942280699999934,
                            "count": 2288,
                            "self": 38.7569958,
                            "children": {
                                "SubprocessEnvManager._take_step": {
                                    "total": 6.14416339999984,
                                    "count": 2288,
                                    "self": 0.15146039999967797,
                                    "children": {
                                        "TorchPolicy.evaluate": {
                                            "total": 5.992703000000162,
                                            "count": 1601,
                                            "self": 1.106441700000186,
                                            "children": {
                                                "TorchPolicy.sample_actions": {
                                                    "total": 4.886261299999976,
                                                    "count": 1601,
                                                    "self": 4.886261299999976
                                                }
                                            }
                                        }
                                    }
                                },
                                "workers": {
                                    "total": 0.04112150000009862,
                                    "count": 2287,
                                    "self": 0.0,
                                    "children": {
                                        "worker_root": {
                                            "total": 44.942505300000064,
                                            "count": 2287,
                                            "is_parallel": true,
                                            "self": 13.392723700000197,
                                            "children": {
                                                "steps_from_proto": {
                                                    "total": 0.0008213000000001358,
                                                    "count": 1,
                                                    "is_parallel": true,
                                                    "self": 0.00024460000000114945,
                                                    "children": {
                                                        "_process_vector_observation": {
                                                            "total": 0.0005766999999989864,
                                                            "count": 2,
                                                            "is_parallel": true,
                                                            "self": 0.0005766999999989864
                                                        }
                                                    }
                                                },
                                                "UnityEnvironment.step": {
                                                    "total": 31.548960299999866,
                                                    "count": 2287,
                                                    "is_parallel": true,
                                                    "self": 0.48449389999983694,
                                                    "children": {
                                                        "UnityEnvironment._generate_step_input": {
                                                            "total": 0.9472737999998939,
                                                            "count": 2287,
                                                            "is_parallel": true,
                                                            "self": 0.9472737999998939
                                                        },
                                                        "communicator.exchange": {
                                                            "total": 28.605834700000084,
                                                            "count": 2287,
                                                            "is_parallel": true,
                                                            "self": 28.605834700000084
                                                        },
                                                        "steps_from_proto": {
                                                            "total": 1.511357900000049,
                                                            "count": 2287,
                                                            "is_parallel": true,
                                                            "self": 0.44880150000007557,
                                                            "children": {
                                                                "_process_vector_observation": {
                                                                    "total": 1.0625563999999734,
                                                                    "count": 4574,
                                                                    "is_parallel": true,
                                                                    "self": 1.0625563999999734
                                                                }
                                                            }
                                                        }
                                                    }
                                                }
                                            }
                                        }
                                    }
                                }
                            }
                        }
                    }
                },
                "trainer_threads": {
                    "total": 3.5899999993205256e-05,
                    "count": 1,
                    "self": 3.5899999993205256e-05,
                    "children": {
                        "thread_root": {
                            "total": 0.0,
                            "count": 0,
                            "is_parallel": true,
                            "self": 0.0,
                            "children": {
                                "trainer_advance": {
                                    "total": 44.9768553999999,
                                    "count": 3118,