{
    "name": "root",
    "gauges": {
        "CarAgent.Policy.Entropy.mean": {
            "value": 1.6728404760360718,
            "min": 1.6635992527008057,
            "max": 1.7027661800384521,
            "count": 10
        },
        "CarAgent.Environment.EpisodeLength.mean": {
            "value": 65.73733333333334,
            "min": 62.924358974358974,
            "max": 75.45384615384616,
            "count": 10
        },
        "CarAgent.Policy.ExtrinsicValueEstimate.mean": {
            "value": 9.24423599243164,
            "min": 5.459860801696777,
            "max": 9.24423599243164,
            "count": 10
        },
        "CarAgent.Environment.CumulativeReward.mean": {
            "value": 8.365488542874655,
            "min": 4.911548933648801,
            "max": 8.365488542874655,
            "count": 10
        },
        "CarAgent.Policy.ExtrinsicReward.mean": {
            "value": 8.365488542874655,
            "min": 4.911548933648801,
            "max": 8.365488542874655,
            "count": 10
        },
        "CarAgent.Losses.PolicyLoss.mean": {
            "value": 0.021959798663835194,
            "min": 0.01904728113212817,
            "max": 0.02588426659834416,
            "count": 10
        },
        "CarAgent.Losses.ValueLoss.mean": {
            "value": 1.6597506046295165,
            "min": 1.6597506046295165,
            "max": 4.311306037505467,
            "count": 10
        },
        "CarAgent.Policy.LearningRate.mean": {
            "value": 1.6554574481840003e-05,
            "min": 1.6554574481840003e-05,
            "max": 0.0002846095551301499,
            "count": 10
        },
        "CarAgent.Policy.Epsilon.mean": {
            "value": 0.10551816,
            "min": 0.10551816,
            "max": 0.19486985000000004,
            "count": 10
        },
        "CarAgent.Policy.Beta.mean": {
            "value": 0.0002853561840000001,
            "min": 0.0002853561840000001,
            "max": 0.004744005514999999,
            "count": 10
        },
        "CarAgent.IsTraining.mean": {
            "value": 1.0,
            "min": 1.0,
            "max": 1.0,
            "count": 10
        }
    },
    "metadata": {
        "timer_format_version": "0.1.0",
        "start_time_seconds": "1610729759",
        "python_version": "3.7.9 (default, Aug 31 2020, 17:10:11) [MSC v.1916 64 bit (AMD64)]",
        "command_line_arguments": "C:\\Users\\Kristian\\.conda\\envs\\ml\\Scripts\\mlagents-learn .\\config\\ml-ady.yaml --initialize-from ppo --run-id MLady2",
        "mlagents_version": "0.23.0",
        "mlagents_envs_version": "0.23.0",
        "communication_protocol_version": "1.3.0",
        "pytorch_version": "1.7.1",
        "numpy_version": "1.18.5",
        "end_time_seconds": "1610730233"
    },
    "total": 473.68391349999996,
    "count": 1,
    "self": 0.012021399999980531,
    "children": {
        "run_training.setup": {
            "total": 0.007788800000000151,
            "count": 1,
            "self": 0.007788800000000151
        },
        "TrainerController.start_learning": {
            "total": 473.66410329999997,
            "count": 1,
            "self": 0.7242041999974731,
            "children": {
                "TrainerController._reset_env": {
                    "total": 10.385924,
                    "count": 1,
                    "self": 10.385924
                },
                "TrainerController.advance": {
                    "total": 462.47808320000246,
                    "count": 25740,
                    "self": 0.3719640000035156,
                    "children": {
                        "env_step": {
                            "total": 462.10611919999894,
                            "count": 25740,
                            "self": 364.8080781999963,
                            "children": {
                                "SubprocessEnvManager._take_step": {
                                    "total": 96.92531600000085,
                                    "count": 25740,
                                    "self": 1.4906118000005932,
                                    "children": {
                                        "TorchPolicy.evaluate": {
                                            "total": 95.43470420000025,
                                            "count": 20035,
                                            "self": 33.26186770000072,
                                            "children": {
                                                "TorchPolicy.sample_actions": {
                                                    "total": 62.17283649999953,
                                                    "count": 20035,
                                                    "self": 62.17283649999953
                                                }
                                            }
                                        }
                                    }
                                },
                                "workers": {
                                    "total": 0.37272500000178255,
                                    "count": 25740,
                                    "self": 0.0,
                                    "children": {
                                        "worker_root": {
                                            "total": 463.86185930000266,
                                            "count": 25740,
                                            "is_parallel": true,
                                            "self": 170.53832970000275,
                                            "children": {
                                                "steps_from_proto": {
                                                    "total": 0.0008400000000001739,
                                                    "count": 1,
                                                    "is_parallel": true,
                                                    "self": 0.00022359999999821412,
                                                    "children": {
                                                        "_process_vector_observation": {
                                                            "total": 0.0006164000000019598,
                                                            "count": 2,
                                                            "is_parallel": true,
                                                            "self": 0.0006164000000019598
                                                        }
                                                    }
                                                },
                                                "UnityEnvironment.step": {
                                                    "total": 293.32268959999993,
                                                    "count": 25740,
                                                    "is_parallel": true,
                                                    "self": 4.5193890000036845,
                                                    "children": {
                                                        "UnityEnvironment._generate_step_input": {
                                                            "total": 8.782752699995584,
                                                            "count": 25740,
                                                            "is_parallel": true,
                                                            "self": 8.782752699995584
                                                        },
                                                        "communicator.exchange": {
                                                            "total": 267.8999276000005,
                                                            "count": 25740,
                                                            "is_parallel": true,